Date,SMB,HML
2022-01-04 00:00:00+00:00,-0.003623393642592676,0.01914680390319412
2022-01-05 00:00:00+00:00,-0.017406836762510314,0.023146947629952286
2022-01-06 00:00:00+00:00,0.009516142225842739,0.004739291447639182
2022-01-07 00:00:00+00:00,-0.007547832678252653,0.013506340960536267
2022-01-10 00:00:00+00:00,0.0006909368799263849,-0.0009518316948745609
2022-01-11 00:00:00+00:00,0.006644646313085811,-0.0033165447041625384
2022-01-12 00:00:00+00:00,-0.004514408737924747,-0.0024440601259110295
2022-01-13 00:00:00+00:00,-0.0031077403343751087,0.02081698266295129
2022-01-14 00:00:00+00:00,0.003907464058366061,-0.004187456126691358
2022-01-18 00:00:00+00:00,-0.009806291453926641,0.008565918674285022
2022-01-19 00:00:00+00:00,-0.004439032235606377,0.0019949692898055815
2022-01-20 00:00:00+00:00,-0.006960822418824453,0.0029384995217830445
2022-01-21 00:00:00+00:00,-0.007045584709978958,0.01213494124598713
2022-01-24 00:00:00+00:00,0.017131192801437045,-0.006317001279417811
2022-01-25 00:00:00+00:00,-0.013790851547509808,0.018424367013979537
2022-01-26 00:00:00+00:00,-0.007659244810239829,-0.0073095556970974584
2022-01-27 00:00:00+00:00,-0.016055539082860726,0.005622601532277338
2022-01-28 00:00:00+00:00,0.00267233828412361,-0.020458493388236798
2022-01-31 00:00:00+00:00,0.015226831859556755,-0.01809819123125056
2022-02-01 00:00:00+00:00,0.004465668811995949,-0.0005181397811551136
2022-02-02 00:00:00+00:00,-0.010267529809166343,0.0011910787815712087
2022-02-03 00:00:00+00:00,-0.003938911462896044,0.025859287906649153
2022-02-04 00:00:00+00:00,0.0046868307133010045,-0.01175621144295702
2022-02-07 00:00:00+00:00,0.0019905277965286405,0.007780558288345674
2022-02-08 00:00:00+00:00,0.005278920283211974,-0.0036375664968151256
2022-02-09 00:00:00+00:00,0.011192141872575334,-0.00847810014944117
2022-02-10 00:00:00+00:00,0.0007038292285765912,0.006878322056828812
2022-02-11 00:00:00+00:00,0.001962819807152294,0.018393816731455015
2022-02-14 00:00:00+00:00,-0.0002156226546158324,-0.00831270661360406
2022-02-15 00:00:00+00:00,0.011129674369604992,-0.011071324955201911
2022-02-16 00:00:00+00:00,0.0037669301344570583,0.0022724833456442273
2022-02-17 00:00:00+00:00,-0.006321520400225267,0.01333864802882001
2022-02-18 00:00:00+00:00,-0.0007526356167329995,0.006412230250756434
2022-02-22 00:00:00+00:00,0.0002740526664610776,0.0049098828247399195
2022-02-23 00:00:00+00:00,-0.004906771166132806,0.012047630771043982
2022-02-24 00:00:00+00:00,0.01827234646597442,-0.0310763463211583
2022-02-25 00:00:00+00:00,0.00126543739761531,0.011432189912848001
2022-02-28 00:00:00+00:00,0.0068822185126172775,-0.0076287198955026225
2022-03-01 00:00:00+00:00,-0.0007940716637545586,-0.0006642178323488235
2022-03-02 00:00:00+00:00,0.005566682436656478,0.0032557932024306346
2022-03-03 00:00:00+00:00,-0.0069584773245801035,0.015001136135492144
2022-03-04 00:00:00+00:00,-0.011670919652890355,0.011161786781581196
2022-03-07 00:00:00+00:00,-0.008562297623344595,0.016221753200349798
2022-03-08 00:00:00+00:00,0.009101312584836485,-0.0024772349539768923
2022-03-09 00:00:00+00:00,0.00835292009063382,-0.01966279624180456
2022-03-10 00:00:00+00:00,0.0027849419994614433,0.006810262167691761
2022-03-11 00:00:00+00:00,-0.0077563117660754965,0.011597897243687205
2022-03-14 00:00:00+00:00,-0.014589801664600555,0.01563337417627364
2022-03-15 00:00:00+00:00,-0.002004594980230756,-0.01833061651934398
2022-03-16 00:00:00+00:00,0.014352715480757894,-0.01690005314713061
2022-03-17 00:00:00+00:00,0.0023355898940500275,-0.0012522536062813394
2022-03-18 00:00:00+00:00,0.002365782333939359,-0.018058431354092797
2022-03-21 00:00:00+00:00,0.0020631049715491567,0.005270385390965582
2022-03-22 00:00:00+00:00,0.001521806363461442,-0.010905457861863255
2022-03-23 00:00:00+00:00,-0.0033296207925032073,0.0028602236954085036
2022-03-24 00:00:00+00:00,0.0005639448000376301,-0.008644254570656651
2022-03-25 00:00:00+00:00,-0.0011742857716670052,0.01079594727189781
2022-03-28 00:00:00+00:00,-0.002293664919267746,-0.015952641953588365
2022-03-29 00:00:00+00:00,0.01583944217511224,-0.008295904829705547
2022-03-30 00:00:00+00:00,-0.014081315737832889,0.008757364243131227
2022-03-31 00:00:00+00:00,0.0016137911482472234,0.00048394118607186787
2022-04-01 00:00:00+00:00,0.00448217299614484,0.0017435003935799553
2022-04-04 00:00:00+00:00,-0.001389427200596538,-0.01938610527272211
2022-04-05 00:00:00+00:00,-0.011666631542497807,0.012331519490158316
2022-04-06 00:00:00+00:00,-0.008654175625163574,0.022843225032953662
2022-04-07 00:00:00+00:00,-0.00459357548474737,0.0008807070961454055
2022-04-08 00:00:00+00:00,-0.007739862522002761,0.016205920667266893
2022-04-11 00:00:00+00:00,0.007102502244816344,0.01327319196362009
2022-04-12 00:00:00+00:00,0.003384092574473252,0.00042353692507368645
2022-04-13 00:00:00+00:00,0.008121468049532732,-0.009398870607741472
2022-04-14 00:00:00+00:00,-0.004932220990240266,0.013845687735685286
2022-04-18 00:00:00+00:00,-0.004436484702501575,0.00020880797662559125
2022-04-19 00:00:00+00:00,0.007510809472596414,-0.008072799319068569
2022-04-20 00:00:00+00:00,-0.002602143339309304,0.01640188084687677
2022-04-21 00:00:00+00:00,-0.010845613814867816,0.006123747046581807
2022-04-22 00:00:00+00:00,0.002092786294112914,0.0030002202695634805
2022-04-25 00:00:00+00:00,-0.0005602317328965434,-0.01266536882949243
2022-04-26 00:00:00+00:00,-0.006460538280260608,0.01760108842485464
2022-04-27 00:00:00+00:00,-0.003074242507139391,-0.0029118893810351487
2022-04-28 00:00:00+00:00,0.0010351375815802477,-0.018452578512405227
2022-04-29 00:00:00+00:00,-0.0014277887098641528,0.013843402259395288
2022-05-02 00:00:00+00:00,0.005698422573614748,-0.012680688013599895
2022-05-03 00:00:00+00:00,0.007117546351709247,0.008140179646700219
2022-05-04 00:00:00+00:00,-0.001636782165460593,-0.0059268540295573935
2022-05-05 00:00:00+00:00,-0.0066347871208986,0.023796210232257198
2022-05-06 00:00:00+00:00,-0.012368276806313139,0.008442477841183571
2022-05-09 00:00:00+00:00,-0.022670034986181253,0.012834564676569404
2022-05-10 00:00:00+00:00,-0.0016945880180890827,-0.010780764480556093
2022-05-11 00:00:00+00:00,-0.011203676128477391,0.022646208294154313
2022-05-12 00:00:00+00:00,0.0150347214682236,0.0027816969471466946
2022-05-13 00:00:00+00:00,0.017687991095112432,-0.017992912147031914
2022-05-16 00:00:00+00:00,-0.0065733501418049345,0.012110950086608008
2022-05-17 00:00:00+00:00,0.015763752350537175,-0.0064121212929153515
2022-05-18 00:00:00+00:00,-0.00029577727882579286,0.015282359110029065
2022-05-19 00:00:00+00:00,0.009141356512816223,-0.0025659097213763804
2022-05-20 00:00:00+00:00,-0.0025945261040936085,0.004608907947823093
2022-05-23 00:00:00+00:00,-0.008398364722746798,7.526577341265828e-05
2022-05-24 00:00:00+00:00,-0.016183463102891205,0.02114753613889442
2022-05-25 00:00:00+00:00,0.013265555706203358,-0.007228269262304909
2022-05-26 00:00:00+00:00,0.00684654640815574,-0.011579521207515153
2022-05-27 00:00:00+00:00,0.0071196633106598295,-0.015104703004569675
2022-05-31 00:00:00+00:00,-0.005650733291903354,-0.0030663240091497457
2022-06-01 00:00:00+00:00,-0.0014082922545813892,0.0004131730511851561
2022-06-02 00:00:00+00:00,0.01028928776539928,-0.01673460037561414
2022-06-03 00:00:00+00:00,0.0004948459657702076,0.014048666581589875
2022-06-06 00:00:00+00:00,0.0046071216891443445,-0.0020288398759704673
2022-06-07 00:00:00+00:00,0.0042893274982886975,0.0016054450014113542
2022-06-08 00:00:00+00:00,-0.007762374926604476,-0.0049361253730515475
2022-06-09 00:00:00+00:00,-0.002953092732620788,0.004384493150207502
2022-06-10 00:00:00+00:00,-0.0015195553234920167,0.014437072528235784
2022-06-13 00:00:00+00:00,-0.02076200400076922,0.00825109928540424
2022-06-14 00:00:00+00:00,0.0012594836981557611,-0.007918156113244312
2022-06-15 00:00:00+00:00,0.0034574436290366606,-0.015239257411204354
2022-06-16 00:00:00+00:00,-0.023309673764976502,0.010555273860560876
2022-06-17 00:00:00+00:00,0.011004206406253103,-0.012967110318469532
2022-06-21 00:00:00+00:00,-0.005739054607860394,-0.0022458818401485114
2022-06-22 00:00:00+00:00,-0.0007413516667482689,-0.001341078610823554
2022-06-23 00:00:00+00:00,0.005800716868439304,-0.0132599341348556
2022-06-24 00:00:00+00:00,0.007838495307160853,-0.00998174825728948
2022-06-27 00:00:00+00:00,0.003517218324592286,0.00716075434136354
2022-06-28 00:00:00+00:00,-0.00025600367626532616,0.01571060397170998
2022-06-29 00:00:00+00:00,-0.01267721041272385,-0.006401180902698478
2022-06-30 00:00:00+00:00,-0.0018241919139239116,0.005612052382066968
2022-07-01 00:00:00+00:00,0.003681430909382888,0.0018771679962932275
2022-07-05 00:00:00+00:00,0.00774567947106275,-0.01861812604535429
2022-07-06 00:00:00+00:00,-0.00906217998543346,-0.00567104334656543
2022-07-07 00:00:00+00:00,0.012192192235945587,-0.005884478947236094
2022-07-08 00:00:00+00:00,-0.0020893147641402043,-0.003246714313801302
2022-07-11 00:00:00+00:00,-0.010456669438176025,0.008554407492219918
2022-07-12 00:00:00+00:00,0.00292930187170648,0.007125948022668971
2022-07-13 00:00:00+00:00,0.004653578763052835,-0.0029344684813196187
2022-07-14 00:00:00+00:00,-0.006618344001570242,-0.011931033113302236
2022-07-15 00:00:00+00:00,-0.0019095574075398414,0.0036080308986636833
2022-07-18 00:00:00+00:00,0.005776301863010702,0.004681896581326561
2022-07-19 00:00:00+00:00,0.00918922127025179,-0.003274154476947455
2022-07-20 00:00:00+00:00,0.013150224177474135,-0.00806424508423409
2022-07-21 00:00:00+00:00,0.0014163807549878449,-0.008463239605986272
2022-07-22 00:00:00+00:00,-0.008145619854873942,0.007321824841278302
2022-07-25 00:00:00+00:00,0.0016582625423005037,0.007325916170995761
2022-07-26 00:00:00+00:00,-0.0013427507992817,0.011030431475995028
2022-07-27 00:00:00+00:00,0.007424181430467414,-0.018839932834783912
2022-07-28 00:00:00+00:00,0.006132610195309862,-0.0062478047358525135
2022-07-29 00:00:00+00:00,0.00041323775381751915,-0.010091607868811803
2022-08-01 00:00:00+00:00,0.0008066440228343685,-0.00015788733042887415
2022-08-02 00:00:00+00:00,0.006818767416590266,-0.0029324068237885914
2022-08-03 00:00:00+00:00,-0.0004552655662104499,-0.01112614179756255
2022-08-04 00:00:00+00:00,-0.0011641838739203658,-0.00777664286651214
2022-08-05 00:00:00+00:00,0.0047249859299061114,0.005060351662705798
2022-08-08 00:00:00+00:00,0.0075044965362049965,0.004487313291535622
2022-08-09 00:00:00+00:00,-0.0105340659361981,0.008055082978966066
2022-08-10 00:00:00+00:00,0.010886268875200944,-0.007649231181503957
2022-08-11 00:00:00+00:00,0.0030119306520639544,0.009209153691373317
2022-08-12 00:00:00+00:00,0.00474870053390819,-0.004286786510098395
2022-08-15 00:00:00+00:00,-0.002878356845095409,-0.0044253284364830225
2022-08-16 00:00:00+00:00,-0.003177365641485963,0.004097573847920977
2022-08-17 00:00:00+00:00,-0.010508527725061612,-0.0009196939775959478
2022-08-18 00:00:00+00:00,0.00559443758117073,0.00017872012924402547
2022-08-19 00:00:00+00:00,-0.010947427494970019,0.005170196534915572
2022-08-22 00:00:00+00:00,-0.0016513926383208144,0.004567427490581144
2022-08-23 00:00:00+00:00,0.004963531745708183,0.0001662246463866035
2022-08-24 00:00:00+00:00,0.005361238276103908,0.0018831554244242987
2022-08-25 00:00:00+00:00,0.006431063614627863,-0.002075147158558943
2022-08-26 00:00:00+00:00,-0.0013242207678200169,0.009483011919058204
2022-08-29 00:00:00+00:00,-0.0012173690378610713,0.005511435215785454
2022-08-30 00:00:00+00:00,-0.0037878744871647774,-0.0011599867041804934
2022-08-31 00:00:00+00:00,0.0026918016220385255,0.0015005949134636598
2022-09-01 00:00:00+00:00,-0.013910266656705361,0.002296189482213551
2022-09-02 00:00:00+00:00,0.004823909576144536,0.003620616732973536
2022-09-06 00:00:00+00:00,-0.001643314525214823,-0.0005413030509150429
2022-09-07 00:00:00+00:00,0.009127317394936663,-0.0021370724951050857
2022-09-08 00:00:00+00:00,0.00420769953250133,0.004012489294453969
2022-09-09 00:00:00+00:00,0.00685043754005954,-0.005234285895128643
2022-09-12 00:00:00+00:00,0.004324670006281117,-0.0034495213057050833
2022-09-13 00:00:00+00:00,0.0005989012169325125,0.011845455972377072
2022-09-14 00:00:00+00:00,0.00029550644712772467,-0.00397391003394465
2022-09-15 00:00:00+00:00,-0.0005876188290463435,0.007933795553137002
2022-09-16 00:00:00+00:00,-0.01147732349571784,-0.0005654033322192165
2022-09-19 00:00:00+00:00,0.0038706478923133947,-0.0019834446614956924
2022-09-20 00:00:00+00:00,-0.0065015885003215645,-0.005053541642096482
2022-09-21 00:00:00+00:00,0.0020762937580814933,0.0007296917032615369
2022-09-22 00:00:00+00:00,-0.01958369444282604,0.0024425776047203307
2022-09-23 00:00:00+00:00,-0.005596565602737136,-0.0038535930795102757
2022-09-26 00:00:00+00:00,-0.005136611560869975,-0.008435643187803543
2022-09-27 00:00:00+00:00,0.006764159233391465,-0.004895175296087295
2022-09-28 00:00:00+00:00,0.010193184981877934,0.005247670885935918
2022-09-29 00:00:00+00:00,-0.006234951599975558,0.006130558957469501
2022-09-30 00:00:00+00:00,0.010658885771300364,0.006409884473906335
2022-10-03 00:00:00+00:00,0.0016743463204846876,0.0038328580387145816
2022-10-04 00:00:00+00:00,0.01275038415283647,0.00029225664960597086
2022-10-05 00:00:00+00:00,-0.0041762204313948725,-0.0029524994534808613
2022-10-06 00:00:00+00:00,0.004257622616709922,-0.004070900030204938
2022-10-07 00:00:00+00:00,-0.005967735168290855,0.012207231099011118
2022-10-10 00:00:00+00:00,-0.003169048470611835,0.003581179326846873
2022-10-11 00:00:00+00:00,-0.0017016714416917544,0.005645611697076225
2022-10-12 00:00:00+00:00,-0.004245593937538317,-0.00321948477663192
2022-10-13 00:00:00+00:00,-0.00696915134439835,0.005799727441167413
2022-10-14 00:00:00+00:00,-0.011822158086754464,0.009285129798997094
2022-10-17 00:00:00+00:00,0.009297478942079662,-0.010090800339980444
2022-10-18 00:00:00+00:00,0.004171665348786657,0.002053396060143875
2022-10-19 00:00:00+00:00,-0.015851492027393443,-0.0022965597429367435
2022-10-20 00:00:00+00:00,-0.009978228679326517,-0.0024978985845508506
2022-10-21 00:00:00+00:00,-0.004706061486232427,-0.0020876084840519837
2022-10-24 00:00:00+00:00,-0.008252705588933207,-0.001429697260210805
2022-10-25 00:00:00+00:00,0.015995664444615754,-0.0039158638540610635
2022-10-26 00:00:00+00:00,0.0023735249041687556,0.020173221442720823
2022-10-27 00:00:00+00:00,-0.004416248481846408,0.007052516507485507
2022-10-28 00:00:00+00:00,-0.007660776972347572,-0.0021160162852675857
2022-10-31 00:00:00+00:00,0.0033887841181755585,0.003877577168784896
2022-11-01 00:00:00+00:00,0.005843490805295892,0.011616628101670745
2022-11-02 00:00:00+00:00,-0.016301435772048567,0.012920978272905392
2022-11-03 00:00:00+00:00,0.00011865175582725929,0.012325115568499911
2022-11-04 00:00:00+00:00,-0.0013324219157928585,0.0046290851938433075
2022-11-07 00:00:00+00:00,-0.0052947707876747074,-0.001905627870536275
2022-11-08 00:00:00+00:00,-0.008116895615594144,-0.0009686052754349639
2022-11-09 00:00:00+00:00,-0.004531496885753605,0.005749664810704158
2022-11-10 00:00:00+00:00,0.02490316865113984,-0.026164448823032593
2022-11-11 00:00:00+00:00,0.009594448368275943,-0.007741202545890502
2022-11-14 00:00:00+00:00,-0.005837665666051928,0.003934263187061027
2022-11-15 00:00:00+00:00,0.01405675150306096,-0.004597759144324254
2022-11-16 00:00:00+00:00,-0.016531319782541853,0.001439023734250755
2022-11-17 00:00:00+00:00,-0.008391406715276828,0.001184750463087969
2022-11-18 00:00:00+00:00,8.305182362944308e-06,0.004571498153365328
2022-11-21 00:00:00+00:00,-0.0023717712551599712,0.008266536059196472
2022-11-22 00:00:00+00:00,0.002121595100261775,-0.0010024193047148966
2022-11-23 00:00:00+00:00,3.635706890903201e-05,-0.006480371310793043
2022-11-25 00:00:00+00:00,0.0011598016751999118,0.005349269368385978
2022-11-28 00:00:00+00:00,-0.006635813331957174,-0.00020328009609082986
2022-11-29 00:00:00+00:00,0.0037417029036417304,0.009713169998538662
2022-11-30 00:00:00+00:00,0.00379752124751076,-0.019638839572183597
2022-12-01 00:00:00+00:00,0.006038413259928932,-0.0013293939872581761
2022-12-02 00:00:00+00:00,0.0010253918859790545,0.0016066421198189795
2022-12-05 00:00:00+00:00,-0.01227912389873198,-0.0012263442287079318
2022-12-06 00:00:00+00:00,-0.004139627734865314,0.006353366540316596
2022-12-07 00:00:00+00:00,-0.0027508279095638244,0.0033192944775224387
2022-12-08 00:00:00+00:00,0.001553403236828954,-0.006053223908089489
2022-12-09 00:00:00+00:00,-0.00036679574683429195,-1.049881177206391e-05
2022-12-12 00:00:00+00:00,-0.0025210102295250003,-0.0010578443137998494
2022-12-13 00:00:00+00:00,0.004684048259310014,-0.0027281765571129935
2022-12-14 00:00:00+00:00,-0.0005771992964687112,0.0016907052722467952
2022-12-15 00:00:00+00:00,-0.0004756965026542215,0.010009487495960978
2022-12-16 00:00:00+00:00,-0.0016084957551156798,0.0008441499984125356
2022-12-19 00:00:00+00:00,-0.00806919955837393,0.0062567769049934885
2022-12-20 00:00:00+00:00,0.0018020165564340829,0.0032443157768071718
2022-12-21 00:00:00+00:00,0.0011968705398128776,-0.0017791241993085904
2022-12-22 00:00:00+00:00,-0.0018774310418290252,0.009700895686870492
2022-12-23 00:00:00+00:00,2.3051663825546242e-05,0.003412110496024301
2022-12-27 00:00:00+00:00,-0.0044006536392106055,0.010830683786642759
2022-12-28 00:00:00+00:00,-0.005657240493461391,0.0017283781217817262
2022-12-29 00:00:00+00:00,0.011893429122457277,-0.007386445970623878
2022-12-30 00:00:00+00:00,-0.00039461618858749326,0.0004900063742228067
2023-01-03 00:00:00+00:00,-0.005338039285316287,0.007232175570384913
2023-01-04 00:00:00+00:00,0.011207064139652445,0.008213858621347603
2023-01-05 00:00:00+00:00,-0.0005842242620208715,0.008932195079994876
2023-01-06 00:00:00+00:00,0.0013151145270415832,-0.0029706528574089397
2023-01-09 00:00:00+00:00,0.006453480626988917,-0.009265084708660498
2023-01-10 00:00:00+00:00,0.005979776963858985,-0.00017162985933150132
2023-01-11 00:00:00+00:00,0.0064296132283758745,-0.008904799558703047
2023-01-12 00:00:00+00:00,0.005899431912399056,0.0004150906982789415
2023-01-13 00:00:00+00:00,0.0013141103710445634,-0.0026374990032007606
2023-01-17 00:00:00+00:00,0.01065602846050806,-0.006423759136679585
2023-01-18 00:00:00+00:00,0.004278729229895806,-0.0047624083776391934
2023-01-19 00:00:00+00:00,-0.0034377123934338227,0.002216553876710825
2023-01-20 00:00:00+00:00,0.008396333746842233,-0.010105234995128942
2023-01-23 00:00:00+00:00,0.006511097938543653,-0.006147756355771694
2023-01-24 00:00:00+00:00,-0.007358559671580056,0.0012021106483049993
2023-01-25 00:00:00+00:00,0.0015889780600282233,0.003131980697212655
2023-01-26 00:00:00+00:00,0.002791724368255144,-0.006568138559755798
2023-01-27 00:00:00+00:00,0.0050424915450209,-0.008323980312142432
2023-01-30 00:00:00+00:00,-0.005474768512793049,0.006969403859828249
2023-01-31 00:00:00+00:00,0.013895281189362452,-0.00256225081600836
2023-02-01 00:00:00+00:00,0.015822294536417703,-0.011536059648450392
2023-02-02 00:00:00+00:00,0.01740376836665536,-0.017033260390973304
2023-02-03 00:00:00+00:00,-0.005344644465518744,0.005308523976380819
2023-02-06 00:00:00+00:00,-0.012504236981427996,0.0015950301595744065
2023-02-07 00:00:00+00:00,0.0006878492665862712,-0.007179541312868576
2023-02-08 00:00:00+00:00,-0.006358904254098463,0.0038807599967175532
2023-02-09 00:00:00+00:00,-0.005897303010342081,-0.003409983923369553
2023-02-10 00:00:00+00:00,-0.004777050502416502,0.010649892353601365
2023-02-13 00:00:00+00:00,0.0006934656435231279,-0.005290477026360874
2023-02-14 00:00:00+00:00,0.005461404262462555,-0.007301231391124707
2023-02-15 00:00:00+00:00,0.008608897104620983,-0.004661309647215006
2023-02-16 00:00:00+00:00,0.0020561110467103294,0.007906092607945281
2023-02-17 00:00:00+00:00,-0.004937067767728731,0.0046731818548729764
2023-02-21 00:00:00+00:00,-0.006224534542866866,0.004765363475024764
2023-02-22 00:00:00+00:00,0.006098609718428238,-0.0030794390085415735
2023-02-23 00:00:00+00:00,0.0006461979493368464,-0.0062792332198713385
2023-02-24 00:00:00+00:00,0.001863860674735096,0.009334153472859597
2023-02-27 00:00:00+00:00,-0.0006773310233163521,-0.006606996066813253
2023-02-28 00:00:00+00:00,0.007521751337951743,-0.0006745671302166301
2023-03-01 00:00:00+00:00,0.0016652084138142342,0.004024166982380173
2023-03-02 00:00:00+00:00,-0.005409132509364145,-0.0010587271718025537
2023-03-03 00:00:00+00:00,0.0023407792403844496,-0.004653842077127823
2023-03-06 00:00:00+00:00,-0.013855952622740864,-0.003729274978225172
2023-03-07 00:00:00+00:00,0.0050961561494214935,-0.004123038175832372
2023-03-08 00:00:00+00:00,0.0018179905368838067,-0.003804690026034341
2023-03-09 00:00:00+00:00,-0.009961633217601573,-0.0036176635855310613
2023-03-10 00:00:00+00:00,-0.01906064973189281,0.0016517952492751675
2023-03-13 00:00:00+00:00,-0.01578501338773075,-0.01617748018196108
2023-03-14 00:00:00+00:00,0.006596899009646995,-0.004756019631009245
2023-03-15 00:00:00+00:00,-0.010459898062275541,-0.012948733916075206
2023-03-16 00:00:00+00:00,0.0022919607140579057,-0.010714010404193175
2023-03-17 00:00:00+00:00,-0.011331085003097985,-0.011957393336299416
2023-03-20 00:00:00+00:00,0.0016457351787695362,0.008278985858825472
2023-03-21 00:00:00+00:00,0.008980412891040901,-0.0018844598506519983
2023-03-22 00:00:00+00:00,-0.010903128260066897,-0.005265918652808788
2023-03-23 00:00:00+00:00,-0.006473267604391042,-0.011838480713282973
2023-03-24 00:00:00+00:00,0.0038458255687936482,0.004352887334844402
2023-03-27 00:00:00+00:00,0.00474210661769936,0.01122936236430383
2023-03-28 00:00:00+00:00,0.002588021507053395,0.004771457915665245
2023-03-29 00:00:00+00:00,0.003395403273564579,-0.001706049934267595
2023-03-30 00:00:00+00:00,-0.0029218914973696553,-0.002814794384474517
2023-03-31 00:00:00+00:00,0.007274175900146229,-0.0038115760621360018
2023-04-03 00:00:00+00:00,-0.010302340382907449,0.004100770949517996
2023-04-04 00:00:00+00:00,-0.010709662250953711,-0.004070053044935018
2023-04-05 00:00:00+00:00,-0.010885251422225073,0.011793636017600306
2023-04-06 00:00:00+00:00,0.00024794819306883653,-0.004953636807171646
2023-04-10 00:00:00+00:00,0.008178255374985843,0.003377795706428266
2023-04-11 00:00:00+00:00,0.005636221222382387,0.007902064409898601
2023-04-12 00:00:00+00:00,-0.005548751106821959,0.0029181871313040952
2023-04-13 00:00:00+00:00,-0.001506880221789908,-0.009851523264115203
2023-04-14 00:00:00+00:00,-0.0022442081006120995,0.0023339774053251494
2023-04-17 00:00:00+00:00,0.00591864797389241,0.0028715637492888746
2023-04-18 00:00:00+00:00,-0.0009032591434383619,-0.0005939499090810152
2023-04-19 00:00:00+00:00,0.0040866693418923905,-0.0008809868150826405
2023-04-20 00:00:00+00:00,-0.0018590867327720195,-0.001572419024083782
2023-04-21 00:00:00+00:00,-2.5120429982150583e-05,-0.00019471806421855753
2023-04-24 00:00:00+00:00,-0.0035013168410747975,0.0027896331973538135
2023-04-25 00:00:00+00:00,-0.0116355687016102,0.004582957725417169
2023-04-26 00:00:00+00:00,-0.0017962115873633167,-0.014878135825835415
2023-04-27 00:00:00+00:00,-0.0008613584551850906,-0.0027578407158403984
2023-04-28 00:00:00+00:00,0.0017707248622120808,0.0021694247216466067
2023-05-01 00:00:00+00:00,0.0017896587542642894,-0.0005821977849433946
2023-05-02 00:00:00+00:00,-0.007307997134233579,-0.00631739396306652
2023-05-03 00:00:00+00:00,0.0076437627888710225,-0.003095220289651146
2023-05-04 00:00:00+00:00,-0.005942212805073788,-0.00398395709986088
2023-05-05 00:00:00+00:00,0.0063391366185925335,-0.004810533857674271
2023-05-08 00:00:00+00:00,8.954868446220399e-05,-0.001198216483671688
2023-05-09 00:00:00+00:00,-0.0009009383202581711,0.0004304146132713127
2023-05-10 00:00:00+00:00,0.0031288519342176357,-0.010379474952101897
2023-05-11 00:00:00+00:00,0.0005624412233417031,-0.005934990336342372
2023-05-12 00:00:00+00:00,-0.000657341395651212,0.0014517552287046653
2023-05-15 00:00:00+00:00,0.010096406619998222,0.0010325933906221163
2023-05-16 00:00:00+00:00,-0.005405395443563887,-0.010105089966621517
2023-05-17 00:00:00+00:00,0.006311375766079541,0.0005011393493197236
2023-05-18 00:00:00+00:00,0.005835483390816076,-0.009337697360375374
2023-05-19 00:00:00+00:00,-0.004714161385525384,0.0014134046507612297
2023-05-22 00:00:00+00:00,0.012923177607386593,-0.00011012912286179066
2023-05-23 00:00:00+00:00,-0.0013442692664654698,0.0068983953344929905
2023-05-24 00:00:00+00:00,-0.003675947684836256,-0.0033493187952140513
2023-05-25 00:00:00+00:00,-0.0025002692441243868,-0.023362088328110375
2023-05-26 00:00:00+00:00,0.0002989000586310908,-0.010227722486489066
2023-05-30 00:00:00+00:00,0.0008817688842291949,-0.004495285055000076
2023-05-31 00:00:00+00:00,-0.007130061949110922,-0.00022335032932108145
2023-06-01 00:00:00+00:00,0.005144438306535104,-0.003360388461551622
2023-06-02 00:00:00+00:00,0.010017645284216004,0.006359868764726162
2023-06-05 00:00:00+00:00,-0.0034405420973642187,-0.002452607945009011
2023-06-06 00:00:00+00:00,0.019592386450297594,0.005509843752705912
2023-06-07 00:00:00+00:00,0.011554007634699381,0.021300330857046412
2023-06-08 00:00:00+00:00,-0.008121015553859134,-0.008216987570974554
2023-06-09 00:00:00+00:00,-0.007060752999548003,-0.004732762748779873
2023-06-12 00:00:00+00:00,-8.557971085743077e-05,-0.010896575889943305
2023-06-13 00:00:00+00:00,0.008368884315070435,0.0019642007446429854
2023-06-14 00:00:00+00:00,-0.00042707302504652045,-0.006708340147650982
2023-06-15 00:00:00+00:00,-0.0030413420832859916,-0.00038551294897692934
2023-06-16 00:00:00+00:00,-0.002181926096405551,0.0043026447846087335
2023-06-20 00:00:00+00:00,0.0006574790778528516,-0.00667423684047963
2023-06-21 00:00:00+00:00,0.00029960544574703096,0.00711853809898455
2023-06-22 00:00:00+00:00,-0.006769877108930955,-0.012383420002946677
2023-06-23 00:00:00+00:00,-0.007053353518235883,0.0027539156247111674
2023-06-26 00:00:00+00:00,0.005938213309115703,0.015238287459105826
2023-06-27 00:00:00+00:00,0.010876128022825338,-0.007090786469215127
2023-06-28 00:00:00+00:00,0.004901907386658966,-0.002823304563623008
2023-06-29 00:00:00+00:00,0.0036429993672297822,0.006822422248630167
2023-06-30 00:00:00+00:00,-0.002643457293918905,-0.006156389536258411
2023-07-03 00:00:00+00:00,0.003555612487140314,0.004782639622098128
2023-07-05 00:00:00+00:00,-0.0060446234134861054,-0.006395338589297195
2023-07-06 00:00:00+00:00,-0.0020108319593743484,-0.003973769756513423
2023-07-07 00:00:00+00:00,0.01515552785073715,0.00560667966875017
2023-07-10 00:00:00+00:00,0.00855552769419865,0.0057791759685712485
2023-07-11 00:00:00+00:00,0.002761634644468991,0.00573407183853436
2023-07-12 00:00:00+00:00,0.005641942618330731,-0.006081084559992567
2023-07-13 00:00:00+00:00,0.00547192842642974,-0.008569248792581252
2023-07-14 00:00:00+00:00,-0.013581422290109724,-0.009622940220855747
2023-07-17 00:00:00+00:00,0.004771761360105264,-0.006811364889228733
2023-07-18 00:00:00+00:00,-0.0011733914987772653,-0.0015895016446880739
2023-07-19 00:00:00+00:00,0.0006471043891267403,0.005526180261324343
2023-07-20 00:00:00+00:00,-0.011231936393691688,0.023640265091719792
2023-07-21 00:00:00+00:00,-0.0024485023708846754,0.005820080998459098
2023-07-24 00:00:00+00:00,-0.004480742234381108,0.0008560899753566886
2023-07-25 00:00:00+00:00,0.00035991831509241123,-0.006199197590982197
2023-07-26 00:00:00+00:00,0.003509922372820551,0.005133581148773714
2023-07-27 00:00:00+00:00,-0.00576825100148759,-0.00274877859760847
2023-07-28 00:00:00+00:00,0.0070180215303921045,-0.011452912791813041
2023-07-31 00:00:00+00:00,0.005237482792018522,0.001124625064992557
2023-08-01 00:00:00+00:00,-0.005881059991431736,-0.0005555648133188651
2023-08-02 00:00:00+00:00,-0.004030640664612006,0.011025223136707507
2023-08-03 00:00:00+00:00,-0.0011836522229833335,-0.000541539527423418
2023-08-04 00:00:00+00:00,0.0029462634870742743,0.0012239598610628288
2023-08-07 00:00:00+00:00,-0.007115220911687814,0.00176510537218455
2023-08-08 00:00:00+00:00,-0.0029391196753513205,0.00033084249498671614
2023-08-09 00:00:00+00:00,-0.0008757904481619949,0.007322875862678879
2023-08-10 00:00:00+00:00,-0.004023894944575557,-0.00263221169182426
2023-08-11 00:00:00+00:00,-0.0022983431162328927,0.0069962245332172435
2023-08-14 00:00:00+00:00,-5.372519422675026e-07,-0.011552427716917224
2023-08-15 00:00:00+00:00,-0.0031305954203623143,-0.003792435128048388
2023-08-16 00:00:00+00:00,-0.005413966611794274,0.0013878036300215557
2023-08-17 00:00:00+00:00,-0.00491423348824771,0.006310970042474606
2023-08-18 00:00:00+00:00,0.004080126642411974,0.0030900874546960777
2023-08-21 00:00:00+00:00,0.000611474355778796,-0.015008213176620488
2023-08-22 00:00:00+00:00,0.0013394661774236427,-0.003945702915194582
2023-08-23 00:00:00+00:00,0.006284922176420293,-0.007752801836962808
2023-08-24 00:00:00+00:00,-0.0013447098261052393,0.009463699772979672
2023-08-25 00:00:00+00:00,-0.0029415805094294978,-0.001954789620663755
2023-08-28 00:00:00+00:00,0.0023907645215384132,-0.0009734508273742115
2023-08-29 00:00:00+00:00,0.006545012921742588,-0.009861333518210058
2023-08-30 00:00:00+00:00,0.0036194743707824717,-0.0039025469522431244
2023-08-31 00:00:00+00:00,0.004725050199068215,-0.0049050232796588045
2023-09-01 00:00:00+00:00,0.006414679089908226,0.005188605652046485
2023-09-05 00:00:00+00:00,-0.01453009125848892,-0.012326561530458746
2023-09-06 00:00:00+00:00,0.0026208463323359465,0.006913946137707128
2023-09-07 00:00:00+00:00,-0.009639036141503188,0.0030603367340731324
2023-09-08 00:00:00+00:00,-0.004435719797420412,0.000613042595033253
2023-09-11 00:00:00+00:00,-0.000838352731500791,-0.00843491004671093
2023-09-12 00:00:00+00:00,0.00030799825258132074,0.012628545200277008
2023-09-13 00:00:00+00:00,-0.005394447456956386,-0.0057463317929257185
2023-09-14 00:00:00+00:00,0.0025070010044689894,0.004820528712667027
2023-09-15 00:00:00+00:00,-0.00043574982267036155,0.008192245734628845
2023-09-18 00:00:00+00:00,-0.0031894974167473444,-0.0016797826331327315
2023-09-19 00:00:00+00:00,-0.000816788364495169,-0.0006859483393214516
2023-09-20 00:00:00+00:00,-0.0050272348542071965,0.00995137431665516
2023-09-21 00:00:00+00:00,-0.008308858304837297,0.003664604781092984
2023-09-22 00:00:00+00:00,0.000635726729477315,-0.003241625107158308
2023-09-25 00:00:00+00:00,0.0036770130669436796,-0.0023217263162429447
2023-09-26 00:00:00+00:00,-0.003350051462030157,0.0032635411743010545
2023-09-27 00:00:00+00:00,0.009665256696309799,-0.0015461617793339766
2023-09-28 00:00:00+00:00,0.006665138110862667,-0.0023429033580875114
2023-09-29 00:00:00+00:00,0.0021331108057320858,-0.003790872579939819
2023-10-02 00:00:00+00:00,-0.01106256416677276,-0.019731891957059267
2023-10-03 00:00:00+00:00,-0.005334218684832415,0.007101969753859905
2023-10-04 00:00:00+00:00,0.0006781863224618601,-0.011778879226087557
2023-10-05 00:00:00+00:00,-0.0005683794184152546,-0.002225590805123301
2023-10-06 00:00:00+00:00,0.0004428636559481447,-0.008997668149701044
2023-10-09 00:00:00+00:00,0.00110873363367614,0.0028932178662415264
2023-10-10 00:00:00+00:00,0.007502085330189701,0.0028276860756262234
2023-10-11 00:00:00+00:00,0.00017338333733740718,-0.008918650996447952
2023-10-12 00:00:00+00:00,-0.014664331640827255,-0.005249690480661484
2023-10-13 00:00:00+00:00,-0.008868382938381325,0.009541924135547886
2023-10-16 00:00:00+00:00,0.007226609173724086,-0.0004646252949551677
2023-10-17 00:00:00+00:00,0.011738461130718747,0.006757637172176811
2023-10-18 00:00:00+00:00,-0.012170271883149453,0.0016549573165441922
2023-10-19 00:00:00+00:00,-0.00862561083491764,-0.0014567222207600983
2023-10-20 00:00:00+00:00,-0.003532956297852552,0.003719728567128988
2023-10-23 00:00:00+00:00,-0.002342626690510441,-0.01051684017622978
2023-10-24 00:00:00+00:00,0.0013317227293661027,-0.00272049335182456
2023-10-25 00:00:00+00:00,-0.014758624386148167,0.01214726401536581
2023-10-26 00:00:00+00:00,0.011406226576503475,0.018259950295543503
2023-10-27 00:00:00+00:00,-0.0013227998412428388,-0.015925614638532037
2023-10-30 00:00:00+00:00,-0.008471133874882408,-0.004316988120375287
2023-10-31 00:00:00+00:00,0.004790452198955242,0.005260124881931949
2023-11-01 00:00:00+00:00,-0.0015966669790969945,-0.010716733336300743
2023-11-02 00:00:00+00:00,0.006112777443325834,0.0017996442263412682
2023-11-03 00:00:00+00:00,0.01680875430881068,0.002098018431354598
2023-11-06 00:00:00+00:00,-0.012115099471780133,-0.010582089927219207
2023-11-07 00:00:00+00:00,-0.003121252668690122,-0.014086289271027286
2023-11-08 00:00:00+00:00,-0.005034697910235586,-0.007161344311645501
2023-11-09 00:00:00+00:00,-0.007300739957909919,0.0007792957560717184
2023-11-10 00:00:00+00:00,-7.126584951877568e-05,-0.008957742232279742
2023-11-13 00:00:00+00:00,-0.0028514358714620824,0.0007005828649581103
2023-11-14 00:00:00+00:00,0.030497344909840685,0.0021791573608604953
2023-11-15 00:00:00+00:00,7.424196688310403e-06,0.00530587574323782
2023-11-16 00:00:00+00:00,-0.01112186966635964,-0.006020295245341534
2023-11-17 00:00:00+00:00,0.009953437675286336,0.005482224604803521
2023-11-20 00:00:00+00:00,-0.0007209926316813497,-0.006970036893698461
2023-11-21 00:00:00+00:00,-0.006670071437999914,0.0016033034136070379
2023-11-22 00:00:00+00:00,0.0010128902175476906,-0.00029282042182599
2023-11-24 00:00:00+00:00,0.0017744462713527032,0.0046067868770225395
2023-11-27 00:00:00+00:00,-0.0006743540776928958,-0.0012009575967266706
2023-11-28 00:00:00+00:00,-0.006459045384918927,-0.0031098082144984662
2023-11-29 00:00:00+00:00,0.006023332039487572,0.004945787124427836
2023-11-30 00:00:00+00:00,-0.009000040640064766,0.008233301457973186
2023-12-01 00:00:00+00:00,0.019218681457860765,0.007168620221308597
2023-12-04 00:00:00+00:00,0.008892082488927366,0.008773847830606418
2023-12-05 00:00:00+00:00,-0.011056738392654863,-0.012919840553336615
2023-12-06 00:00:00+00:00,0.0004814302889770694,0.0039553127592186765
2023-12-07 00:00:00+00:00,0.003900626154943465,-0.008908359511497599
2023-12-08 00:00:00+00:00,0.002052031589388159,-0.0009767709565606797
2023-12-11 00:00:00+00:00,0.0007019575038826886,0.006716188785959476
2023-12-12 00:00:00+00:00,-0.005496426944481492,-0.007902609179380016
2023-12-13 00:00:00+00:00,0.0151812681332546,0.0055005233287119815
2023-12-14 00:00:00+00:00,0.020575482291073977,0.016106404607656
2023-12-15 00:00:00+00:00,-0.009760781967752874,-0.009636969876847479
2023-12-18 00:00:00+00:00,0.0010209497527347011,-0.005516247870450464
2023-12-19 00:00:00+00:00,0.008700750454929684,0.004418771148637424
2023-12-20 00:00:00+00:00,-0.005767296950832335,-0.003960349025523557
2023-12-21 00:00:00+00:00,0.006589634020347512,0.0001653461824135949
2023-12-22 00:00:00+00:00,0.007177251590350431,0.003084568178283398
2023-12-26 00:00:00+00:00,0.003501379435614682,0.002221325124497797
2023-12-27 00:00:00+00:00,-0.0009658921581696678,0.0005310096526525143
2023-12-28 00:00:00+00:00,-0.002256579165539563,0.0011873995195861298
2023-12-29 00:00:00+00:00,-0.010533845852927493,0.0007029644163096815
2024-01-02 00:00:00+00:00,-0.007332909637193796,0.01835303071601424
2024-01-03 00:00:00+00:00,-0.017269359025981257,0.0007313354244717907
2024-01-04 00:00:00+00:00,-0.0013840903433482987,0.0029418625177760616
2024-01-05 00:00:00+00:00,0.0014916688459181149,0.0018316840597116801
2024-01-08 00:00:00+00:00,0.010017828753842384,-0.013198931519282642
2024-01-09 00:00:00+00:00,-0.0031395511730849535,-0.008650335790972186
2024-01-10 00:00:00+00:00,-0.0022922873089019635,-0.010524297342873301
2024-01-11 00:00:00+00:00,-0.005571350800985253,-0.005112705456906341
2024-01-12 00:00:00+00:00,0.00024526046908102117,-0.001540353270111705
2024-01-16 00:00:00+00:00,-0.0022223543097491527,-0.005816361354598398
2024-01-17 00:00:00+00:00,-0.005495349908887448,-0.002040771211367254
2024-01-18 00:00:00+00:00,0.0026695373117859855,-0.010190603690731104
2024-01-19 00:00:00+00:00,-0.0005302454481423968,-0.005609775978468123
2024-01-22 00:00:00+00:00,0.010557651600969331,0.0005827288776194539
2024-01-23 00:00:00+00:00,-0.00097719292850873,-0.0005754112728868499
2024-01-24 00:00:00+00:00,-0.005151489538645526,-0.007978552197198008
2024-01-25 00:00:00+00:00,0.0009730115011918894,0.00897308813265818
2024-01-26 00:00:00+00:00,0.0003691336155378089,0.0016866215062560919
2024-01-29 00:00:00+00:00,0.007487363729563157,-0.005709531066465878
2024-01-30 00:00:00+00:00,-0.00827964981900653,0.006987692457529393
2024-01-31 00:00:00+00:00,-0.01274665155400756,0.010768915969911363
2024-02-01 00:00:00+00:00,0.003946993129028575,-0.005192197406073795
2024-02-02 00:00:00+00:00,-0.004539377591923244,-0.02075908426301054
2024-02-05 00:00:00+00:00,-0.004892930338322055,-0.008451862572800839
2024-02-06 00:00:00+00:00,0.003013285964126755,0.004808870163836243
2024-02-07 00:00:00+00:00,-0.0012753820046771391,-0.010168716861836069
2024-02-08 00:00:00+00:00,0.010706829134139895,-0.0003104231252710754
2024-02-09 00:00:00+00:00,0.010743895433062867,-0.009519931292582218
2024-02-12 00:00:00+00:00,0.007911274448378913,0.011141440376576495
2024-02-13 00:00:00+00:00,-0.01575909408198828,-0.0007503600598687266
2024-02-14 00:00:00+00:00,0.01502480011199192,-0.003877676943327968
2024-02-15 00:00:00+00:00,0.00973784905111108,0.011381453864009572
2024-02-16 00:00:00+00:00,-0.00546858088857527,0.0034762610794543125
2024-02-20 00:00:00+00:00,-0.0066181548468436935,0.008706737995531011
2024-02-21 00:00:00+00:00,-0.004287638954499351,0.007269367028674423
2024-02-22 00:00:00+00:00,-0.001259232229527063,-0.022347456647019204
2024-02-23 00:00:00+00:00,0.00164291575976927,0.003754211334156321
2024-02-26 00:00:00+00:00,0.002699531218423923,-0.0023865291408748934
2024-02-27 00:00:00+00:00,0.010867230485202772,0.0014592797360639675
2024-02-28 00:00:00+00:00,-0.002371002587802429,0.004308053459452954
2024-02-29 00:00:00+00:00,0.005385623387797578,-0.0023261734595310113
2024-03-01 00:00:00+00:00,0.005546201087059721,-0.0069128476077440215
2024-03-04 00:00:00+00:00,0.004303273948139896,0.00745844502569859
2024-03-05 00:00:00+00:00,0.0028900528395728875,0.012491758659619046
2024-03-06 00:00:00+00:00,0.004805790909385488,0.0004206438796996448
2024-03-07 00:00:00+00:00,0.00511646700902979,-0.008164180486972539
2024-03-08 00:00:00+00:00,-0.0005575765183905013,0.011325411313292788
2024-03-11 00:00:00+00:00,-0.0059240858186973,0.007547670031433973
2024-03-12 00:00:00+00:00,-0.00333300633127398,-0.014533673336018182
2024-03-13 00:00:00+00:00,0.0025816995593410663,0.0056273490525597936
2024-03-14 00:00:00+00:00,-0.010182060543224458,-0.008621285474527007
2024-03-15 00:00:00+00:00,0.004179782657771636,0.011037600849274631
2024-03-18 00:00:00+00:00,-0.003317874325255654,-0.0065663333344523345
2024-03-19 00:00:00+00:00,-0.0022956177286239665,-0.0016958833871416612
2024-03-20 00:00:00+00:00,0.0053019807247913775,-0.0023328723852340527
2024-03-21 00:00:00+00:00,0.004323676898126516,0.005671598688139934
2024-03-22 00:00:00+00:00,-0.0024545906258983674,-0.006479526636360089
2024-03-25 00:00:00+00:00,0.004646074477281492,0.0026707388813562716
2024-03-26 00:00:00+00:00,-5.1346401671592545e-05,0.0027250665387777984
2024-03-27 00:00:00+00:00,0.005165666942424263,0.012322798372149224
2024-03-28 00:00:00+00:00,0.0022784955711334653,0.005767234108743913
2024-04-01 00:00:00+00:00,-0.0025322049741558494,-0.0042639569317420856
2024-04-02 00:00:00+00:00,-0.005066749920532132,0.00244432624558244
2024-04-03 00:00:00+00:00,0.005311469994192297,-0.0018221175333643647
2024-04-04 00:00:00+00:00,0.0030210230746871014,0.004222459470074713
2024-04-05 00:00:00+00:00,-2.0054724012563696e-05,-0.006950408149747567
2024-04-08 00:00:00+00:00,0.004896275848251586,0.0014081498785629698
2024-04-09 00:00:00+00:00,0.00339617581517504,0.0005361107372798823
2024-04-10 00:00:00+00:00,-0.010937071147425259,-0.006987909296033323
2024-04-11 00:00:00+00:00,0.0018782548370476215,-0.015679978297804986
2024-04-12 00:00:00+00:00,-0.004974922698997464,-0.0013049971616115874
2024-04-15 00:00:00+00:00,-0.008309522707367178,0.00982409790577421
2024-04-16 00:00:00+00:00,-0.006651864856217826,-0.00542246409013214
2024-04-17 00:00:00+00:00,-0.005657012812076645,0.006733143072422232
2024-04-18 00:00:00+00:00,-0.002715296888452734,0.006431738431899481
2024-04-19 00:00:00+00:00,-0.002691825869936215,0.025408332476935858
2024-04-22 00:00:00+00:00,0.003590717717377734,-0.001579078994507821
2024-04-23 00:00:00+00:00,0.00790195419107187,-0.005044955135681262
2024-04-24 00:00:00+00:00,9.557724548270308e-05,-0.00041561027152148267
2024-04-25 00:00:00+00:00,0.004764343745330191,0.0038755085224249086
2024-04-26 00:00:00+00:00,0.0013455691616881538,-0.019310374166008448
2024-04-29 00:00:00+00:00,0.0025892533949900542,0.0032815270288055753
2024-04-30 00:00:00+00:00,-0.004233417868125922,0.0035028419643210462
2024-05-01 00:00:00+00:00,-0.0021699762089411045,0.0020496913425959162
2024-05-02 00:00:00+00:00,0.005385062808312746,-0.007260809877953633
2024-05-03 00:00:00+00:00,-0.002777779730936958,-0.012068689133548638
2024-05-06 00:00:00+00:00,0.009286171441547086,-0.005293821838042723
2024-05-07 00:00:00+00:00,-0.0008686014329284397,0.0027987510850672193
2024-05-08 00:00:00+00:00,-0.008620405715176194,0.0024593853108073604
2024-05-09 00:00:00+00:00,0.0032440367262680514,0.0059531647036781266
2024-05-10 00:00:00+00:00,-0.007114337657824321,0.00013354119208353055
2024-05-13 00:00:00+00:00,0.003675926938562224,-0.001638476121106236
2024-05-14 00:00:00+00:00,0.006928616260888365,-0.0010016957756016076
2024-05-15 00:00:00+00:00,-0.0009395215879137719,-0.008573906238463769
2024-05-16 00:00:00+00:00,-0.005994439163732657,0.0020204487257995396
2024-05-17 00:00:00+00:00,-0.0024788291028112752,0.002977538315567241
2024-05-20 00:00:00+00:00,0.00625007549690515,-0.008887659765045353
2024-05-21 00:00:00+00:00,-0.004098638974350033,-0.0007183113502298166
2024-05-22 00:00:00+00:00,-0.001637004246922924,0.0005710965574071691
2024-05-23 00:00:00+00:00,7.780840885363016e-05,-0.01166772312784703
2024-05-24 00:00:00+00:00,0.00982566763677406,-0.0025168681081160216
2024-05-28 00:00:00+00:00,-0.000248069287516417,-0.010709105848140332
2024-05-29 00:00:00+00:00,-0.0011168689808873644,-0.0066830714502011945
2024-05-30 00:00:00+00:00,0.01484987343847588,0.018542531383662242
2024-05-31 00:00:00+00:00,-0.005041243878304291,0.013335208997867776
2024-06-03 00:00:00+00:00,-0.003947821784658023,-0.011750018007909757
2024-06-04 00:00:00+00:00,-0.017362309807791187,-0.007144755357185617
2024-06-05 00:00:00+00:00,0.011390207878713365,-0.013021634420683048
2024-06-06 00:00:00+00:00,-0.006290067846617453,-0.00301335882382181
2024-06-07 00:00:00+00:00,-0.006311264707321906,-0.0006826874453039755
2024-06-10 00:00:00+00:00,0.001248953530063046,-0.0013073196786632657
2024-06-11 00:00:00+00:00,-0.0006025060150813832,-0.015770675403841472
2024-06-12 00:00:00+00:00,0.014868374859499767,-0.01144444145498702
2024-06-13 00:00:00+00:00,-0.006424610989142598,-0.00827149152956308
2024-06-14 00:00:00+00:00,-0.012198063668344972,-0.009009173337335419
2024-06-17 00:00:00+00:00,0.003482545464651654,-0.004565519364406301
2024-06-18 00:00:00+00:00,-0.0002701149894277499,0.0020572822191065043
2024-06-20 00:00:00+00:00,-0.010748802266249524,0.009730764974985706
2024-06-21 00:00:00+00:00,0.0031897298353711356,0.0021057687693455396
2024-06-24 00:00:00+00:00,-0.0014851691839821157,0.01807203570990812
2024-06-25 00:00:00+00:00,0.00029333365443717785,-0.01852456194474672
2024-06-26 00:00:00+00:00,-0.002833966750381167,-0.009465942265829086
2024-06-27 00:00:00+00:00,0.004229591058535709,-0.002011017152053096
2024-06-28 00:00:00+00:00,0.0037152304049599127,0.008267231126745767
2024-07-01 00:00:00+00:00,-0.009229381381398172,-0.015744567494785255
2024-07-02 00:00:00+00:00,-0.0003072519568858567,-0.004340013688527211
2024-07-03 00:00:00+00:00,0.0026328340060589595,-0.008595456326910833
2024-07-05 00:00:00+00:00,-0.006782336473749706,-0.011702908989701832
2024-07-08 00:00:00+00:00,0.003791987043671119,-1.3123232835976495e-05
2024-07-09 00:00:00+00:00,-0.0034472969638191797,-0.001520116069823052
2024-07-10 00:00:00+00:00,-0.0026445525045857288,-0.000569128558448817
2024-07-11 00:00:00+00:00,0.025575243785542767,0.03217846826257431
2024-07-12 00:00:00+00:00,0.003710083396161412,0.0005460716030567525
2024-07-15 00:00:00+00:00,0.005754582331761737,0.0005567175576932648
2024-07-16 00:00:00+00:00,0.008024369260843933,0.018526308945997827
2024-07-17 00:00:00+00:00,-0.017723276607507055,0.030513941399050504
2024-07-18 00:00:00+00:00,-0.0022146044043652724,-0.001748763854772073
2024-07-19 00:00:00+00:00,0.005249947103597052,-0.0005552424363416408
2024-07-22 00:00:00+00:00,0.008884936491910356,-0.010421584754613189
2024-07-23 00:00:00+00:00,0.005507115089216752,-0.005317183364532463
2024-07-24 00:00:00+00:00,-0.008729585066005296,0.031064663656910185
2024-07-25 00:00:00+00:00,0.00765373941429659,0.014143350653574416
2024-07-26 00:00:00+00:00,0.0008407035537738583,0.005504917780892793
2024-07-29 00:00:00+00:00,-0.0020571959503208337,-0.0021948829282810722
2024-07-30 00:00:00+00:00,-0.002380419131793099,0.01964626153131077
2024-07-31 00:00:00+00:00,0.0038101751737276146,-0.024377727178135578
2024-08-01 00:00:00+00:00,-0.012006380468660205,0.0076228551362585995
2024-08-02 00:00:00+00:00,-0.014367483612175325,0.004440966658186385
2024-08-05 00:00:00+00:00,-0.002389113723963221,0.01110973563930151
2024-08-06 00:00:00+00:00,0.003149319291412933,-0.004684145242230597
2024-08-07 00:00:00+00:00,-0.002654649841172363,0.006900708256926569
2024-08-08 00:00:00+00:00,0.004962914477811831,-0.012891170106143823
2024-08-09 00:00:00+00:00,-0.0007942790115991194,-0.007919850431369335
2024-08-12 00:00:00+00:00,-0.0042542536978515955,-0.007278099910269842
2024-08-13 00:00:00+00:00,0.005639359764284757,-0.01325301187838357
2024-08-14 00:00:00+00:00,-0.007906701104239633,0.0006709594289366905
2024-08-15 00:00:00+00:00,0.0068989597516213585,-0.00863855435226113
2024-08-16 00:00:00+00:00,-0.001676492881286018,0.0016211816139830582
2024-08-19 00:00:00+00:00,0.004958438722741043,-0.0048875326586019785
2024-08-20 00:00:00+00:00,-0.00784984336099892,-0.0030504213155012616
2024-08-21 00:00:00+00:00,0.010908198960648097,0.0011149127613656606
2024-08-22 00:00:00+00:00,-0.002280406397238144,0.012364194871515632
2024-08-23 00:00:00+00:00,0.012693805642774114,0.0013753076426346045
2024-08-26 00:00:00+00:00,-0.0037320874566243445,0.007838157751117292
2024-08-27 00:00:00+00:00,-0.0036777167330735994,-0.0019442360366017652
2024-08-28 00:00:00+00:00,-0.0020043785676362447,0.007860229235511884
2024-08-29 00:00:00+00:00,-0.0003803937709041527,0.00836338791768243
2024-08-30 00:00:00+00:00,0.0007342336512539127,-0.0018206609104383098
2024-09-03 00:00:00+00:00,-0.010725418934785291,0.016664155621440413
2024-09-04 00:00:00+00:00,-0.0032159153826787357,0.0024702770699291943
2024-09-05 00:00:00+00:00,6.092500788268396e-05,-0.008899922674343475
2024-09-06 00:00:00+00:00,-0.005218873271341629,0.01275156959543966
2024-09-09 00:00:00+00:00,-0.0072310476990298245,-0.0022860339842836197
2024-09-10 00:00:00+00:00,0.00025338006240105404,-0.01139873395720492
2024-09-11 00:00:00+00:00,0.002322700530190014,-0.022369831752515723
2024-09-12 00:00:00+00:00,0.004736662940028502,-0.006588338600043375
2024-09-13 00:00:00+00:00,0.011899170526749492,0.0034940392012028365
2024-09-16 00:00:00+00:00,0.0012461507632590685,0.011141586787808633
2024-09-17 00:00:00+00:00,0.006280029859646263,-0.0009599829662307879
2024-09-18 00:00:00+00:00,0.0030339046411889115,0.0016303524211832565
2024-09-19 00:00:00+00:00,0.004273922709954192,-0.013405601664973732
2024-09-20 00:00:00+00:00,-0.007386498341256598,-0.002102646392085017
2024-09-23 00:00:00+00:00,0.0012104098653551443,0.003459844048164351
2024-09-24 00:00:00+00:00,0.0005075616550798134,-0.003515059122898734
2024-09-25 00:00:00+00:00,-0.0029881236794895294,-0.0081828838148158
2024-09-26 00:00:00+00:00,0.0009786247406429194,0.005100435300824158
2024-09-27 00:00:00+00:00,0.0012004204368967208,0.008929841861552434
2024-09-30 00:00:00+00:00,0.00014308284426745033,-0.001989447701518321
2024-10-01 00:00:00+00:00,-0.006110820543147821,0.0097939603853483
2024-10-02 00:00:00+00:00,-0.0008955461175954582,-0.0008620720511955948
2024-10-03 00:00:00+00:00,-4.675632917505723e-05,-0.004744643603306287
2024-10-04 00:00:00+00:00,0.004156974310479233,-0.003567018440963965
2024-10-07 00:00:00+00:00,0.00137989541102157,0.004083546217705569
2024-10-08 00:00:00+00:00,-0.0013023133315632762,-0.0151511412814751
2024-10-09 00:00:00+00:00,-0.005408871421904049,0.00012569214802193862
2024-10-10 00:00:00+00:00,-0.003590481697336334,-0.003080799944183199
2024-10-11 00:00:00+00:00,0.006979851628736711,0.009329658403370189
2024-10-14 00:00:00+00:00,0.0019548407860281447,-0.002732826618357942
2024-10-15 00:00:00+00:00,0.005463838732011506,0.005493577776230274
2024-10-16 00:00:00+00:00,0.0016879943044423307,0.006974123909875951
2024-10-17 00:00:00+00:00,-0.004983167220290796,-0.0024524695192836843
2024-10-18 00:00:00+00:00,0.00030408611711529865,-0.003003686964151875
2024-10-21 00:00:00+00:00,-0.004173597506060611,-0.012537777707578468
2024-10-22 00:00:00+00:00,-0.005064197519382252,-0.003959330937434724
2024-10-23 00:00:00+00:00,0.0033786539105549185,0.013358074459694835
2024-10-24 00:00:00+00:00,0.006390627191318887,-0.00901294844000089
2024-10-25 00:00:00+00:00,0.0020076974028675476,-0.010678426631215765
2024-10-28 00:00:00+00:00,0.004804640344000077,0.0036712084410386314
2024-10-29 00:00:00+00:00,0.0029345242257101667,-0.013855609646143963
2024-10-30 00:00:00+00:00,0.002543428080490351,0.0033101699436746124
2024-10-31 00:00:00+00:00,-0.005334398505321247,0.02131124212911839
2024-11-01 00:00:00+00:00,-0.004367187914513515,-0.0072481381291569225
2024-11-04 00:00:00+00:00,0.008792215237922285,0.002225527174212094
2024-11-05 00:00:00+00:00,0.006536987386769111,-0.0032083349989620036
